date,year,month,avg_price_spain_eur_mwh,min_price_spain_eur_mwh,max_price_spain_eur_mwh,daily_price_range,avg_total_matched_volume,avg_buy_sell_volume_gap,avg_total_steps,avg_total_steps_from_sides,avg_quarter_row_share,n_high_price_hours,n_low_price_hours,z_avg_price,z_daily_range,z_high_price_hours,z_steps,score_core,score_extended,score_base,score_no_steps,score_price_range_only,score_price_only,score_range_only,internal_stress_event
2021-10-03,2021,10,111.60125,15,210.98,195.98,46036.34166666667,0,1370.0833333333333,1370.0833333333333,0,2,0,0.431158527874622,1,0.08333333333333333,0.03239799063330785,0.5891300778165155,0.5208119504861152,0.5208119504861152,0.5891300778165155,0.715579263937311,0.431158527874622,1,TRUE
2021-10-30,2021,10,124.52625,58.79,192.07,133.28,48156.05,0,1427.875,1427.875,0,0,0,0.4817741679279104,0.7416457686064059,0,0.04011776128877317,0.4893679746137265,0.432208753915888,0.432208753915888,0.4893679746137265,0.6117099682671581,0.4817741679279104,0.7416457686064059,TRUE
2021-11-01,2021,11,91.19625,15,183,168,46185.525,0,1424.875,1424.875,0,0,0,0.35125043230113273,0.9397565268992982,0,0.03971702337443034,0.5164027836801725,0.45582413805759386,0.45582413805759386,0.5164027836801725,0.6455034796002155,0.35125043230113273,0.9397565268992982,TRUE
2021-11-07,2021,11,132.49291666666667,58.78,194.8,136.02,45649.46666666667,1.5158245029548803e-13,1487.8333333333333,1487.8333333333333,0,0,0,0.5129724605719747,0.7572800853610869,0,0.04812695377126383,0.5081010183732246,0.4494010864536979,0.4494010864536979,0.5081010183732246,0.6351262729665308,0.5129724605719747,0.7572800853610869,TRUE
2021-12-05,2021,12,101.9725,2.67,251.65,248.98000000000002,54704.89166666667,0,1448.4583333333333,1448.4583333333333,0,6,2,0.3934513445738019,1,0.25,0.04286726864551422,0.6073805378295208,0.5419946974653821,0.5419946974653821,0.6073805378295208,0.696725672286901,0.3934513445738019,1,TRUE
2021-12-08,2021,12,108.72666666666666,14,238.75,224.75,57574.98333333334,0,1438.2083333333333,1438.2083333333333,0,4,0,0.41990136150687096,1,0.16666666666666666,0.04149808077150956,0.6012938779360818,0.5344486179378891,0.5344486179378891,0.6012938779360818,0.7099506807534355,0.41990136150687096,1,TRUE
2021-12-27,2021,12,96.09666666666666,2.67,207.1,204.43,58261.5,-1.5158245029548803e-13,1416.9583333333333,1416.9583333333333,0,1,5,0.3704409720389381,1,0.041666666666666664,0.03865952054491453,0.5565097221489086,0.4918536256014531,0.4918536256014531,0.5565097221489086,0.685220486019469,0.3704409720389381,1,TRUE
2021-12-28,2021,12,104.88,8.06,176.03,167.97,55203.7,0,1444.875,1444.875,0,0,0,0.40483741602099227,0.9395853482486994,0,0.04238860947004919,0.5377691057078767,0.47478682844139697,0.47478682844139697,0.5377691057078767,0.6722113821348459,0.40483741602099227,0.9395853482486994,TRUE
2022-04-17,2022,4,120.43916666666667,3.7,191.54,187.84,38070.1,0,1478.25,1478.25,0,0,1,0.46576872584916423,1,0,0.04684681876711314,0.5863074903396657,0.5177037359239188,0.5177037359239188,0.5863074903396657,0.7328843629245821,0.46576872584916423,1,TRUE
2022-04-18,2022,4,103.24333333333334,45,219.69,174.69,44123.84166666667,0,1535.5416666666667,1535.5416666666667,0,1,0,0.398428059666082,0.9779293659828077,0.041666666666666664,0.05449979977018798,0.5588763035928892,0.4955084122874635,0.4955084122874635,0.5588763035928892,0.6881787128244449,0.398428059666082,0.9779293659828077,TRUE
2022-04-20,2022,4,85.18916666666667,6,148,142,53346.95,1.5158245029548803e-13,1536.4583333333333,1536.4583333333333,0,0,0,0.32772607115837776,0.7914016963804272,0,0.05462224746623716,0.447651107015522,0.3971569433852054,0.3971569433852054,0.447651107015522,0.5595638837694025,0.32772607115837776,0.7914016963804272,TRUE
2022-04-23,2022,4,86.24875,1.17,182.48,181.31,50944.35833333334,0,1470.625,1470.625,0,0,7,0.33187550934843296,1,0,0.04582827656815845,0.5327502037393732,0.4707392559287673,0.4707392559287673,0.5327502037393732,0.6659377546742165,0.33187550934843296,1,TRUE
2022-04-24,2022,4,146.94666666666666,102,257.04,155.04000000000002,43434.2,0,1490.3333333333333,1490.3333333333333,0,4,0,0.5695748441247961,0.8658073498406611,0.16666666666666666,0.04846090203321619,0.6074862109195162,0.5405631914245649,0.5405631914245649,0.6074862109195162,0.7176910969827286,0.5695748441247961,0.8658073498406611,TRUE
2022-06-19,2022,6,122.61166666666666,50,250,200,50678.275,0,1492.5,1492.5,0,3,0,0.47427646109216376,1,0.125,0.04875032386024157,0.6147105844368655,0.5458717937682814,0.5458717937682814,0.6147105844368655,0.7371382305460819,0.47427646109216376,1,TRUE
2022-08-19,2022,8,135.35,90,230.18,140.18,34490.325,-10662.425,1535.4166666666667,1535.4166666666667,0,1,0,0.5241610951253401,0.7810168582441063,0.041666666666666664,0.05448310235709036,0.5304045146811118,0.4705939272483486,0.4705939272483486,0.5304045146811118,0.6525889766847233,0.5241610951253401,0.7810168582441063,TRUE
2022-09-03,2022,9,119.22375,23.77,206.8,183.03,49804.36666666667,0,1564.5,1564.5,0,2,0,0.46100902816910483,1,0.08333333333333333,0.05836803380446943,0.6010702779343087,0.5338566299063003,0.5338566299063003,0.6010702779343087,0.7305045140845524,0.46100902816910483,1,TRUE
2022-09-07,2022,9,106.56291666666667,48.42,189.15,140.73000000000002,55585.691666666666,0,1642.3333333333333,1642.3333333333333,0,0,0,0.41142789217106424,0.7841551335050825,0,0.06876495635991944,0.47823321027045873,0.4253305546226433,0.4253305546226433,0.47823321027045873,0.5977915128380733,0.41142789217106424,0.7841551335050825,TRUE
2022-09-14,2022,9,133.61333333333334,94.25,240,145.75,53966.23333333333,1.5158245029548803e-13,1582.0833333333333,1582.0833333333333,0,3,0,0.5173601284025129,0.8127990277052644,0.125,0.06071680324686766,0.5570636624431109,0.49662738496240877,0.49662738496240877,0.5570636624431109,0.6650795780538886,0.5173601284025129,0.8127990277052644,TRUE
2022-09-17,2022,9,64.2875,10,167.5,157.5,47423.066666666666,1.5158245029548803e-13,1476.125,1476.125,0,0,0,0.2458729774242334,0.8798439991897541,0,0.04656296274445364,0.450286790645595,0.398657238089341,0.398657238089341,0.450286790645595,0.5628584883069937,0.2458729774242334,0.8798439991897541,TRUE
2022-09-18,2022,9,131.60791666666665,61.01,202.28,141.27,41109.975,0,1439.8333333333333,1439.8333333333333,0,0,0,0.5095067088159081,0.7872363492158589,0,0.04171514714177859,0.5186972232127068,0.4580315850252963,0.4580315850252963,0.5186972232127068,0.6483715290158836,0.5095067088159081,0.7872363492158589,TRUE
2022-09-25,2022,9,75.45041666666667,1.44,156.82,155.38,39966.61666666667,0,1410.2916666666667,1410.2916666666667,0,0,2,0.28958811645284877,0.8677473745474462,0,0.03776899184637494,0.462934196400118,0.4088443210347407,0.4088443210347407,0.462934196400118,0.5786677455001474,0.28958811645284877,0.8677473745474462,TRUE
2022-09-26,2022,9,119.27416666666667,75.64,218.6,142.95999999999998,46901.49166666667,-1.5158245029548803e-13,1533.9166666666667,1533.9166666666667,0,2,0,0.4612064650629298,0.7968794131995854,0.08333333333333333,0.054282733399918945,0.5199010179716729,0.4624249973985389,0.4624249973985389,0.5199010179716729,0.6290429391312576,0.4612064650629298,0.7968794131995854,TRUE
2022-09-27,2022,9,100.15875,21.01,164,142.99,52956.21666666667,0,1531.8333333333333,1531.8333333333333,0,0,0,0.386348511525705,0.7970505918501842,0,0.0540044431816253,0.4733596413503557,0.41959013049972377,0.41959013049972377,0.4733596413503557,0.5916995516879446,0.386348511525705,0.7970505918501842,TRUE
2022-09-28,2022,9,108.6225,36.18,203.74,167.56,52585.475,0,1526,1526,0,1,0,0.41949343404029066,0.9372459066905173,0.041666666666666664,0.05322523057040315,0.5510290696256566,0.48851462564615644,0.48851462564615644,0.5510290696256566,0.678369670365404,0.41949343404029066,0.9372459066905173,TRUE
2022-09-30,2022,9,118.38958333333333,80,218,138,51113.316666666666,0,1542.6666666666667,1542.6666666666667,0,1,0,0.4577423450167295,0.7685778763006009,0.041666666666666664,0.055451552316752195,0.49886142186026555,0.4430905660260742,0.4430905660260742,0.49886142186026555,0.6131601106586653,0.4577423450167295,0.7685778763006009,TRUE
2022-10-01,2022,10,116.085,72.72,218.65,145.93,45884.166666666664,0,1564.5833333333333,1564.5833333333333,0,1,0,0.44871735774610605,0.8138260996088565,0.041666666666666664,0.058379165413201164,0.5133507162753184,0.45606145994889036,0.45606145994889036,0.5133507162753184,0.6312717286774813,0.44871735774610605,0.8138260996088565,TRUE
2022-10-02,2022,10,145.00458333333333,88,232.99,144.99,41963.85,-1.5158245029548803e-13,1509.1666666666667,1509.1666666666667,0,2,0,0.5619694444378722,0.8084625018900974,0.08333333333333333,0.05097664560659062,0.5648394451978546,0.501415512442115,0.501415512442115,0.5648394451978546,0.6852159731639849,0.5619694444378722,0.8084625018900974,TRUE
2022-10-06,2022,10,113.10583333333334,75,220,145,52896.958333333336,1.5158245029548803e-13,1662,1662,0,2,0,0.43705063220190843,0.8085195614402969,0.08333333333333333,0.07139201602061132,0.5148947441235489,0.4597554360434996,0.4597554360434996,0.5148947441235489,0.6227850968211026,0.43705063220190843,0.8085195614402969,TRUE
2022-10-09,2022,10,115.665,75.44,214.83,139.39000000000001,42683.333333333336,-1.5158245029548803e-13,1557.75,1557.75,0,1,0,0.4470725942008542,0.7765091537783406,0.041666666666666664,0.05746637349719807,0.49776603252501134,0.4423335824757713,0.4423335824757713,0.49776603252501134,0.6117908739895974,0.4470725942008542,0.7765091537783406,TRUE
2022-10-23,2022,10,72.83583333333333,4.11,138.22,134.10999999999999,44619.625,0,1409.5416666666667,1409.5416666666667,0,0,0,0.27934913704168224,0.7463817112729697,0,0.03766880736778923,0.4102923393258608,0.36277267764690707,0.36277267764690707,0.4102923393258608,0.5128654241573259,0.27934913704168224,0.7463817112729697,TRUE
2022-10-31,2022,10,164.07291666666666,114.6,250,135.4,40575.575,-7.579122514774402e-14,1443.2916666666667,1443.2916666666667,0,4,0,0.6366430147602027,0.7537423932487138,0.16666666666666666,0.042177108904146034,0.5894874965369,0.5241859370268687,0.5241859370268687,0.5894874965369,0.6951927040044583,0.6366430147602027,0.7537423932487138,TRUE
2022-11-23,2022,11,90.53416666666666,4.11,160,155.89,53023.975,1.5158245029548803e-13,1551.1666666666667,1551.1666666666667,0,0,0,0.34865764532354804,0.870657411607624,0,0.05658697640739021,0.48772602277246885,0.4324189675666492,0.4324189675666492,0.48772602277246885,0.6096575284655861,0.34865764532354804,0.870657411607624,TRUE
2022-12-13,2022,12,97.68583333333333,4.11,147,142.89,55271.50833333333,-1.5158245029548803e-13,1508.5833333333333,1508.5833333333333,0,0,0,0.3766643134690878,0.7964799963481884,0,0.05089872434546838,0.4692577239269105,0.4156903808705935,0.4156903808705935,0.4692577239269105,0.5865721549086381,0.3766643134690878,0.7964799963481884,TRUE
2022-12-14,2022,12,81.38333333333334,1.8,192.69,190.89,50326.88333333333,0,1558.4166666666667,1558.4166666666667,0,0,1,0.31282203323939856,1,0,0.05755542636705204,0.5251288132957594,0.4652432542704946,0.4652432542704946,0.5251288132957594,0.6564110166196993,0.31282203323939856,1,TRUE
2022-12-26,2022,12,77.32333333333334,24.1,189.26,165.16,44487.75,-1.5158245029548803e-13,1471.25,1471.25,0,0,0,0.29692265230196324,0.9235516146426215,0,0.045911763633646546,0.4881897067778339,0.4317571697939693,0.4317571697939693,0.4881897067778339,0.6102371334722924,0.29692265230196324,0.9235516146426215,TRUE
2023-01-02,2023,1,110.0825,42,174.74,132.74,39345.01666666667,0,1408.2083333333333,1408.2083333333333,0,0,0,0.42521094541188065,0.7385645528956294,0,0.03749070162808128,0.4655101993230041,0.41107049457043665,0.41107049457043665,0.4655101993230041,0.5818877491537551,0.42521094541188065,0.7385645528956294,TRUE
2023-01-09,2023,1,85.7825,4.2,171.62,167.42000000000002,58431.875,1.5158245029548803e-13,1588.875,1588.875,0,0,0,0.33004962600801935,0.93644707298772345,0,0.0616240293585049,0.5065986795982971,0.4494362475843604,0.4494362475843604,0.5065986795982971,0.6332483494978713,0.33004962600801935,0.93644707298772345,TRUE
2023-01-11,2023,1,83.83541666666666,4.16,139.02,134.86,48532.9,0,1649.625,1649.625,0,0,0,0.32242464580269964,0.7506611775379374,0,0.06973897212394715,0.4292343293362548,0.38255393538161764,0.38255393538161764,0.4292343293362548,0.5365429116703185,0.32242464580269964,0.7506611775379374,TRUE
2023-01-20,2023,1,91.2025,29.99,207.8,177.81,54251.816666666666,0,1557.5,1557.5,0,1,0,0.3512749079491275,0.9957319456450722,0.041666666666666664,0.05743297867100283,0.5471360747710132,0.48552902995840347,0.48552902995840347,0.5471360747710132,0.6735034267970998,0.3512749079491275,0.9957319456450722,TRUE
2023-01-24,2023,1,87.44791666666667,47.85,220,172.15,51026.60833333334,-1.5158245029548803e-13,1658.0416666666667,1658.0416666666667,0,2,0,0.33657157034370583,0.963436240232118,0.08333333333333333,0.07086326460585343,0.5366697908969963,0.4787557268287903,0.4787557268287903,0.5366697908969963,0.650003905287912,0.33657157034370583,0.963436240232118,TRUE
2023-01-25,2023,1,92.29916666666666,64.8,210.34,145.54000000000002,48221.13333333333,0,1670.75,1670.75,0,1,0,0.3555695683172853,0.8116007771510736,0.041666666666666664,0.07256083493744457,0.47520147152067693,0.42409903774100344,0.42409903774100344,0.47520147152067693,0.5835851727341794,0.3555695683172853,0.8116007771510736,TRUE
2023-01-29,2023,1,68.40791666666667,36.45,178.58,142.13,46207.60833333334,0,1538.0833333333333,1538.0833333333333,0,0,0,0.2620089562922852,0.7921434705330215,0,0.05483931383650619,0.4216609707301227,0.3744372807725079,0.3744372807725079,0.4216609707301227,0.5270762134126533,0.2620089562922852,0.7921434705330215,TRUE
2023-03-14,2023,3,64.41333333333333,2.36,179.84,177.48,52097.333333333336,0,1658.8333333333333,1658.8333333333333,0,0,1,0.24636575380386241,0.9938489804884865,0,0.07096901488880498,0.49608589371693956,0.4411720584912026,0.4411720584912026,0.49608589371693956,0.6201073671461744,0.24636575380386241,0.9938489804884865,TRUE
2023-03-27,2023,3,102.62875,49.25,187.6,138.35,49975.65,0,1713.875,1713.875,0,0,0,0.396021287613258,0.7705749605575857,0,0.07832144245612271,0.46663849926833745,0.41614083110540756,0.41614083110540756,0.46663849926833745,0.5832981240854218,0.396021287613258,0.7705749605575857,TRUE
2023-04-03,2023,4,62.399166666666666,19.2,165.33,146.13000000000002,47676.65,1.5158245029548803e-13,1643.0833333333333,1643.0833333333333,0,0,0,0.23847806831006502,0.814967290612848,0,0.06886514083850515,0.4213781435691652,0.37559238970687003,0.37559238970687003,0.4213781435691652,0.5267226794614566,0.23847806831006502,0.814967290612848,TRUE
2023-10-21,2023,10,61.240833333333335,10,200,190,46867.933333333334,0,1621.625,1621.625,0,0,0,0.23394191488169166,1,0,0.06599875159008077,0.4935767659526767,0.43847954536760014,0.43847954536760014,0.4935767659526767,0.6169709574408458,0.23394191488169166,1,TRUE
2023-11-06,2023,11,55.145833333333336,1.77,151.74,149.97,54682.35,-1.5158245029548803e-13,1600.8333333333333,1600.8333333333333,0,0,1,0.21007326295714293,0.8368781578894811,0,0.06322141521151033,0.41878056833864963,0.37275513881746936,0.37275513881746936,0.41878056833864963,0.523475710423312,0.21007326295714293,0.8368781578894811,TRUE
2024-02-20,2024,2,52.61291666666667,28.6,181,152.4,53042.666666666664,-1.5158245029548803e-13,1699.875,1699.875,0,0,0,0.2001540986797754,0.8507436285879756,0,0.07645133218918952,0.42035909090710044,0.3754593377626318,0.3754593377626318,0.42035909090710044,0.5254488636338754,0.2001540986797754,0.8507436285879756,TRUE
2024-03-12,2024,3,36.250416666666666,0.1,173.82,173.72,53451.225,1.5158245029548803e-13,1689.125,1689.125,0,0,7,0.13607685222933585,0.9723945896134498,0,0.07501535466279438,0.4433885767371143,0.39546654011125443,0.39546654011125443,0.4433885767371143,0.5542357209213928,0.13607685222933585,0.9723945896134498,TRUE
2024-03-13,2024,3,36.33833333333333,2.01,134.32,132.31,51157.78333333333,-1.5158245029548803e-13,1648.2083333333333,1648.2083333333333,0,0,6,0.13642114301112965,0.736110992237048,0,0.06954973477550748,0.3490128540992711,0.3123412208144129,0.3123412208144129,0.3490128540992711,0.4362660676240888,0.13642114301112965,0.736110992237048,TRUE
2024-06-04,2024,6,92.13708333333334,42,175.55,133.55,48222.03333333333,0,1862.75,1862.75,0,0,0,0.3549348331792863,0.7431863764617942,0,0.09820806145538552,0.4392484838564322,0.39416322951991667,0.39416322951991667,0.4392484838564322,0.5490606048205402,0.3549348331792863,0.7431863764617942,TRUE
2024-07-09,2024,7,72.07041666666666,8.3,141.94,133.64,51027.35,-1.5158245029548803e-13,1920.4583333333333,1920.4583333333333,0,0,0,0.2763516860172499,0.7436999124135901,0,0.10591670050211907,0.408020639372336,0.3676097295010059,0.3676097295010059,0.408020639372336,0.51002579921542,0.2763516860172499,0.7436999124135901,TRUE
2024-08-04,2024,8,75.47666666666666,0.44,144.24,143.8,48429.21666666667,-3.0316490059097606e-13,1843.625,1843.625,0,0,4,0.289690914174427,0.8016724154163491,0,0.09565335725145,0.4365453318363105,0.3915425010819166,0.3915425010819166,0.4365453318363105,0.545681664795388,0.289690914174427,0.8016724154163491,TRUE
2024-08-11,2024,8,69.2225,0,136.29,136.29,48102.6,0,1785.8333333333333,1785.8333333333333,0,0,7,0.2651989490809435,0.758820693216475,0,0.08793358659598469,0.40960785691896745,0.36720023346369496,0.36720023346369496,0.40960785691896745,0.5120098211487093,0.2651989490809435,0.758820693216475,TRUE
2024-08-21,2024,8,80.67125,5.22,165.01,159.79,51242.208333333336,-1.5158245029548803e-13,1838.5416666666667,1838.5416666666667,0,0,0,0.3100334410778553,0.8929106361854546,0,0.09497432911881355,0.481177630905324,0.4305278599540398,0.4305278599540398,0.481177630905324,0.601472038631655,0.3100334410778553,0.8929106361854546,TRUE
2024-09-23,2024,9,91.09916666666666,20.5,157.66,137.16,47295.26666666666,0,1818,1818,0,0,0,0.3508702439022798,0.7637848740838373,0,0.09223038756643835,0.4458620471944469,0.3993523300517848,0.3993523300517848,0.4458620471944469,0.5573275589930585,0.3508702439022798,0.7637848740838373,TRUE
2024-09-30,2024,9,92.13833333333334,8.06,176.21,168.15,46389.35833333333,0,1786.0833333333333,1786.0833333333333,0,0,0,0.35493972830888526,0.9406124201522917,0,0.08796698142217992,0.5182208593844708,0.46223995010362995,0.46223995010362995,0.5182208593844708,0.6477760742305885,0.35493972830888526,0.9406124201522917,TRUE
2024-10-10,2024,10,76.18166666666667,39.83,180,140.17000000000002,52243.01666666666,0,1857.2083333333333,1857.2083333333333,0,0,0,0.29245176726824273,0.7809597986939067,0,0.09746780947472446,0.42936462638485984,0.3854408290342247,0.3854408290342247,0.42936462638485984,0.5367057829810747,0.29245176726824273,0.7809597986939067,TRUE
2024-11-25,2024,11,82.00625,3.33,159.82,156.48999999999998,36436.041666666664,-5536.1916666666675,1801.375,1801.375,0,0,3,0.31526143948954893,0.8740809846195979,0,0.09000963162445517,0.47573696964365875,0.4252708116006469,0.4252708116006469,0.47573696964365875,0.5946712120545734,0.31526143948954893,0.8740809846195979,TRUE
2024-12-09,2024,12,67.18875,3.85,137.21,133.36,58244.50833333333,0,1770.4583333333333,1770.4583333333333,0,0,2,0.25723457322342896,0.7421022450080025,0,0.0858798047849777,0.3997347272925726,0.3583558668594988,0.3583558668594988,0.3997347272925726,0.49966840911571575,0.25723457322342896,0.7421022450080025,TRUE
2025-01-01,2025,1,103.62416666666667,20.59,152.99,132.4,40879.61666666667,7.579122514774402e-14,1563.8333333333333,1563.8333333333333,0,0,0,0.3999194424838997,0.736624528188844,0,0.058278980934615456,0.45461758826909754,0.40361828782892184,0.40361828782892184,0.45461758826909754,0.5682719853363719,0.3999194424838997,0.736624528188844,TRUE
2025-01-31,2025,1,96.33416666666666,39,184.48,145.48,58931.549999999996,0,1858.2083333333333,1858.2083333333333,0,0,0,0.3713710466627413,0.811258419849876,0,0.0976013887795054,0.473051786605047,0.42368045215736655,0.42368045215736655,0.473051786605047,0.5913147332563087,0.3713710466627413,0.811258419849876,TRUE
2025-02-01,2025,2,95.25916666666667,5.06,162.98,157.92,53442.84166666667,0,1819.4583333333333,1819.4583333333333,0,0,0,0.3671612352076322,0.8822405002981358,0,0.09242519071924388,0.4997606942023073,0.44653312649894317,0.44653312649894317,0.4997606942023073,0.624700867752884,0.3671612352076322,0.8822405002981358,TRUE
2025-02-04,2025,2,143.38625,100.39,240,139.61,53766.28333333333,-1.5158245029548803e-13,1937.2083333333333,1937.2083333333333,0,3,0,0.5556318833170801,0.777764463882731,0.125,0.10815415385719986,0.5583585388799245,0.5025041369056539,0.5025041369056539,0.5583585388799245,0.6666981735999056,0.5556318833170801,0.777764463882731,TRUE
2025-02-05,2025,2,117.50874999999999,30,189.9,159.9,54765.066666666666,0,1914.3333333333333,1914.3333333333333,0,0,0,0.4542929103593261,0.8935382912376499,0,0.10509852726033579,0.5391324806387905,0.48225077328497523,0.48225077328497523,0.5391324806387905,0.673915600798488,0.4542929103593261,0.8935382912376499,TRUE
2025-02-06,2025,2,138.60291666666666,85.3,231,145.7,54700.63333333333,-1.5158245029548803e-13,1912.2083333333333,1912.2083333333333,0,2,0,0.5368998540517109,0.8125137299542665,0.08333333333333333,0.1048146712376763,0.5564321002690578,0.4994428881925264,0.4994428881925264,0.5564321002690578,0.6747067920029888,0.5368998540517109,0.8125137299542665,TRUE
2025-02-12,2025,2,119.86,62,194.44,132.44,56039.458333333336,0,1921.1666666666667,1921.1666666666667,0,0,0,0.46350064913497757,0.7368527663896424,0,0.10601131917633892,0.480141366209848,0.43072482735125084,0.43072482735125084,0.480141366209848,0.6001767077623099,0.46350064913497757,0.7368527663896424,TRUE
2025-02-14,2025,2,121.06875,55,201.66,146.66,53640.708333333336,-1.5158245029548803e-13,1959.7916666666667,1959.7916666666667,0,0,0,0.4682342394571758,0.8179914467734248,0,0.11117081982350283,0.5144902744922403,0.46129607216306046,0.46129607216306046,0.5144902744922403,0.6431128431153004,0.4682342394571758,0.8179914467734248,TRUE
2025-02-16,2025,2,88.21958333333333,12,161.56,149.56,45858.775,1.5158245029548803e-13,1854.875,1854.875,0,0,0,0.33959349701613295,0.834538716331299,0,0.0971561244302356,0.46965288533897276,0.4206618871146247,0.4206618871146247,0.46965288533897276,0.587066106673716,0.33959349701613295,0.834538716331299,TRUE
2025-02-18,2025,2,79.73458333333333,7.03,159.88,152.85,52844.583333333336,0,1940.5,1940.5,0,0,0,0.3063653572983649,0.853311308346956,0,0.1085938524021038,0.4638706662581284,0.4167462182160727,0.4167462182160727,0.4638706662581284,0.5798383328226604,0.3063653572983649,0.853311308346956,TRUE
2025-02-26,2025,2,105.34458333333333,54.59,225,170.41,51453.075,0,1957.625,1957.625,0,1,0,0.40665677252194055,0.9535078784973935,0.041666666666666664,0.11088139799647743,0.5523991937410669,0.495479100989748,0.495479100989748,0.5523991937410669,0.6800823255096671,0.40665677252194055,0.9535078784973935,TRUE
2025-02-27,2025,2,120.43208333333334,86.8,219.08,132.28000000000003,48084.475,0,1916.2916666666667,1916.2916666666667,0,1,0,0.46574098678143677,0.7359398135864494,0.041666666666666664,0.10536012006553183,0.4890056534804879,0.4394576254686467,0.4394576254686467,0.4890056534804879,0.6008404001839431,0.46574098678143677,0.7359398135864494,TRUE
2025-03-15,2025,3,48.89041666666667,0,132.96,132.96,50869.8,-1.5158245029548803e-13,1880.2083333333333,1880.2083333333333,0,0,8,0.18557640273406042,0.7398198630000198,0,0.10054013348468613,0.3701585062936321,0.33394270635539663,0.33394270635539663,0.3701585062936321,0.4626981328670401,0.18557640273406042,0.7398198630000198,TRUE
2025-03-16,2025,3,60.575,6.99,140,133.01,48970.625,-1.5158245029548803e-13,1898.2916666666667,1898.2916666666667,0,0,0,0.23133444251531016,0.7401051607510175,0,0.10295569257947486,0.3885758413065311,0.3502994304011622,0.3502994304011622,0.3885758413065311,0.48571980163316386,0.23133444251531016,0.7401051607510175,TRUE
2025-03-18,2025,3,57.68083333333333,5.19,150.79,145.6,55738.725,0,1965.875,1965.875,0,0,0,0.22000058578384202,0.8119431344522708,0,0.11198342726092021,0.4127774880944452,0.3723786448087315,0.3723786448087315,0.4127774880944452,0.5159718601180564,0.22000058578384202,0.8119431344522708,TRUE
2025-03-24,2025,3,44.455,0.65,179.1,178.45,58769.34166666667,0,1943.125,1943.125,0,0,6,0.16820685120706963,0.9993837568578443,0,0.10894449807715377,0.4670362432259656,0.41955116263043524,0.41955116263043524,0.4670362432259656,0.5837953040324569,0.16820685120706963,0.9993837568578443,TRUE
2025-03-25,2025,3,42.420833333333334,0,160.86,160.86,57207.21666666667,1.5158245029548803e-13,2033.4583333333333,2033.4583333333333,0,0,7,0.16024084363968877,0.8990160080568083,0,0.12101116194236557,0.4237027406785988,0.3828410142880105,0.3828410142880105,0.4237027406785988,0.5296284258482485,0.16024084363968877,0.8990160080568083,TRUE
2025-03-27,2025,3,54.60458333333333,0,150,150,53991.475,0,1888.1666666666667,1888.1666666666667,0,0,9,0.20795367184079147,0.8370493365400798,0,0.10160320211856783,0.4180012033523486,0.37591137314516176,0.37591137314516176,0.4180012033523486,0.5225015041904356,0.20795367184079147,0.8370493365400798,TRUE
2025-03-31,2025,3,28.73375,-0.1,197.25,197.35,51943.63333333333,1.5158245029548803e-13,1734.9166666666667,1734.9166666666667,0,0,16,0.10664080624089863,1,0,0.08113217366088839,0.44265632249635944,0.3954374995504033,0.3954374995504033,0.44265632249635944,0.5533204031204493,0.10664080624089863,1,TRUE
2025-04-01,2025,4,60.57333333333333,5.8,159.37,153.57,47121.14166666667,0,1829.7916666666667,1829.7916666666667,0,0,0,0.23132791567584485,0.8574195959613248,0,0.0938055102019803,0.4354990046548679,0.3904421800932074,0.3904421800932074,0.4354990046548679,0.5443737558185848,0.23132791567584485,0.8574195959613248,TRUE
2025-04-07,2025,4,55.04333333333333,0,170.01,170.01,53040.59166666667,0,1934.6666666666667,1934.6666666666667,0,0,7,0.20967186233002785,0.9512254964894109,0,0.10781463979088164,0.4643589435277755,0.41709553956589174,0.41709553956589174,0.4643589435277755,0.5804486794097193,0.20967186233002785,0.9512254964894109,TRUE
2025-04-08,2025,4,47.67208333333333,-1.02,131.17,132.19,52343.86666666667,0,1874.0416666666667,1874.0416666666667,0,0,9,0.1808052830849368,0.7354262776346532,0,0.09971639443853701,0.366492624287836,0.3306526856957102,0.3306526856957102,0.366492624287836,0.458115780359795,0.1808052830849368,0.7354262776346532,TRUE
2025-04-21,2025,4,46.720416666666665,6.56,160,153.44,48194.875,1.5158245029548803e-13,1946.125,1946.125,0,0,0,0.17707845775025882,0.8566778218087304,0,0.1093452359914966,0.41350251182359576,0.3727492214447959,0.3727492214447959,0.41350251182359576,0.5168781397794946,0.17707845775025882,0.8566778218087304,TRUE
2025-06-05,2025,6,67.84208333333333,5,142.03,137.03,49639.96666666667,0,2066.5416666666665,2066.5416666666665,0,0,0,0.25979309429382086,0.763043099931243,0,0.1254304106088684,0.4091344776900256,0.3705357090396591,0.3705357090396591,0.4091344776900256,0.5114180971125319,0.25979309429382086,0.763043099931243,TRUE
2025-06-06,2025,6,73.64958333333334,4.31,140.34,136.03,37822.808333333334,-7297.983333333334,2104.75,2104.75,0,0,0,0.2825358664106079,0.7573371449112865,0,0.1305342532123736,0.4159492045287577,0.37700897928390037,0.37700897928390037,0.4159492045287577,0.5199365056609472,0.2825358664106079,0.7573371449112865,TRUE
2025-06-12,2025,6,65.58791666666667,4.31,140.64,136.32999999999998,48471.525,0,2092.1666666666665,2092.1666666666665,0,0,0,0.25096554391702236,0.7590489314172734,0,0.12885338029388005,0.4040057901337183,0.3663904043963915,0.3663904043963915,0.4040057901337183,0.5050072376671478,0.25096554391702236,0.7590489314172734,TRUE
2025-06-16,2025,6,55.71041666666667,13.27,210,196.73,52482.808333333334,-1.5158245029548803e-13,2211.3333333333335,2211.3333333333335,0,1,0,0.21228422982600834,1,0.041666666666666664,0.14477158078027574,0.4932470252637367,0.4471099718504638,0.4471099718504638,0.4932470252637367,0.6061421149130042,0.21228422982600834,1,TRUE
2025-06-17,2025,6,95.3225,22.57,154.76,132.19,50831.60833333333,-1.5158245029548803e-13,2179,2179,0,0,0,0.3674092551073131,0.7354262776346532,0,0.14045251659235858,0.4411342130967865,0.40003768811892404,0.40003768811892404,0.4411342130967865,0.5514177663709832,0.3674092551073131,0.7354262776346532,TRUE
2025-06-18,2025,6,106.32375,40.01,194.56,154.55,53543.175,1.5158245029548803e-13,2239.375,2239.375,0,0,0,0.4104912907077958,0.8630114318808823,0,0.148517367118508,0.5094010890354712,0.4605776896178881,0.4605776896178881,0.5094010890354712,0.636751361294339,0.4104912907077958,0.8630114318808823,TRUE
2025-06-21,2025,6,77.03958333333334,0,138.81,138.81,50572.3,0,2089.7916666666665,2089.7916666666665,0,0,7,0.2958114578829984,0.7731996998667657,0,0.12853612944502532,0.4276044630999057,0.38700751815691997,0.38700751815691997,0.4276044630999057,0.534505578874882,0.2958114578829984,0.7731996998667657,TRUE
2025-06-23,2025,6,110.55958333333334,57.42,195.77,138.35000000000002,49146.50833333333,0,2121.7916666666665,2121.7916666666665,0,0,0,0.4270792532088186,0.7705749605575858,0,0.1328106671980155,0.4790616855065618,0.43246004153804307,0.43246004153804307,0.4790616855065618,0.5988271068832022,0.4270792532088186,0.7705749605575858,TRUE
2025-06-24,2025,6,97.17583333333333,7.5,154.52,147.02,49164.05,0,2095.0416666666665,2095.0416666666665,0,0,0,0.3746671005927104,0.8200455905806092,0,0.12923742079512526,0.4778850764693279,0.43107318399017436,0.43107318399017436,0.4778850764693279,0.5973563455866598,0.3746671005927104,0.8200455905806092,TRUE
2025-06-25,2025,6,81.06,2.44,154.52,152.08,55991.86666666667,0,2191.625,2191.625,0,0,3,0.3115558263831331,0.8489177229815895,0,0.14213895531521797,0.4641894197458891,0.4203796378091747,0.4203796378091747,0.4641894197458891,0.5802367746823613,0.3115558263831331,0.8489177229815895,TRUE
2025-06-29,2025,6,71.07458333333334,0.85,154.52,153.67000000000002,41847.11666666667,-7516.633333333333,2150.5,2150.5,0,0,4,0.2724518994367419,0.8579901914633206,0,0.1366455064061017,0.45217683636002504,0.40931928245563204,0.40931928245563204,0.45217683636002504,0.5652210454500313,0.2724518994367419,0.8579901914633206,TRUE
2025-07-13,2025,7,64.58875,0,134.62,134.62,48864.6,0,2015.375,2015.375,0,0,6,0.24705270365758375,0.7492917483331477,0,0.11859560284757686,0.39853778079629265,0.3605801184815137,0.3605801184815137,0.39853778079629265,0.4981722259953657,0.24705270365758375,0.7492917483331477,TRUE
2025-07-21,2025,7,57.60625,5.11,169.2,164.08999999999997,56516.98333333334,0,2274.125,2274.125,0,0,0,0.2197085097177705,0.9174462427712679,0,0.15315924795964572,0.45486190099561535,0.41332008816712795,0.41332008816712795,0.45486190099561535,0.5685773762445192,0.2197085097177705,0.9174462427712679,TRUE
2025-08-04,2025,8,65.62541666666667,4.31,168.02,163.71,55028.325,-1.5158245029548803e-13,2101.625,2101.625,0,0,0,0.2511123978049912,0.9152779798636845,0,0.13011681788493315,0.4665561510674703,0.4212483139725298,0.4212483139725298,0.4665561510674703,0.5831951888343379,0.2511123978049912,0.9152779798636845,TRUE
2025-08-05,2025,8,58.80166666666667,0.66,140.7,140.04,57177.96666666667,0,2118.4166666666665,2118.4166666666665,0,0,7,0.22438988532424647,0.7802180245413123,0,0.13235983704437979,0.40184316394622355,0.3648487521573835,0.3648487521573835,0.40184316394622355,0.5023039549327794,0.22438988532424647,0.7802180245413123,TRUE
2025-08-06,2025,8,78.4975,27.2,170,142.8,55827.76666666666,1.5158245029548803e-13,2192.9583333333335,2192.9583333333335,0,0,0,0.3015208107052568,0.7959664603963925,0,0.14231706105492592,0.43899490844065975,0.3983522509910698,0.3983522509910698,0.43899490844065975,0.5487436355508246,0.3015208107052568,0.7959664603963925,TRUE
2025-08-10,2025,8,55.51083333333333,-0.62,136.87,137.49,48346.525,0,1865.3333333333333,1865.3333333333333,0,0,9,0.21150264080004041,0.7656678392404231,0,0.09855314132606961,0.39086819201618545,0.3518649821467692,0.3518649821467692,0.39086819201618545,0.4885852400202318,0.21150264080004041,0.7656678392404231,TRUE
2025-08-11,2025,8,80.105,9,144.41,135.41,54089.875,0,2138.3333333333335,2138.3333333333335,0,0,0,0.3078159473695246,0.7537994527989134,0,0.13502029153126693,0.4246461600673752,0.38506741921208,0.38506741921208,0.4246461600673752,0.530807700084219,0.3078159473695246,0.7537994527989134,TRUE
2025-08-15,2025,8,69.26916666666666,0,144.75,144.75,51867.96666666667,0,2006.5833333333333,2006.5833333333333,0,0,5,0.26538170058597144,0.8070930726853078,0,0.11742121812637774,0.4289899093085117,0.3871082924575855,0.3871082924575855,0.4289899093085117,0.5362373866356396,0.26538170058597144,0.8070930726853078,TRUE
2025-08-16,2025,8,74.215,0.66,144,143.34,51677.60833333333,1.5158245029548803e-13,2026.1666666666667,2026.1666666666667,0,0,6,0.284750096699206,0.799047676107169,0,0.12003714617833788,0.43351910912255004,0.39133293510006495,0.39133293510006495,0.43351910912255004,0.5418988864031875,0.284750096699206,0.799047676107169,TRUE
2025-09-02,2025,9,61.76708333333333,4.01,160,155.99,53693.23333333334,-6.063298011819521e-13,2029.0416666666667,2029.0416666666667,0,0,0,0.23600276444285553,0.8712280071096198,0,0.12042118667958308,0.44289230862099016,0.3995728887113246,0.3995728887113246,0.44289230862099016,0.5536153857762377,0.23600276444285553,0.8712280071096198,TRUE
2025-09-03,2025,9,55.31916666666667,0,133.45,133.45,50860.7,0,1934.4166666666667,1934.4166666666667,0,0,8,0.2107520542615326,0.7426157809597984,0,0.10778124496468641,0.38134713408853244,0.3444568668239345,0.3444568668239345,0.38134713408853244,0.47668391761066553,0.2107520542615326,0.7426157809597984,TRUE
2025-09-11,2025,9,54.68208333333333,0,140,140,51522.65833333333,0,1919.25,1919.25,0,0,7,0.20825716987592724,0.7799897863405141,0,0.10575529217550877,0.39529878248657657,0.3564619638933053,0.3564619638933053,0.39529878248657657,0.49412347810822066,0.20825716987592724,0.7799897863405141,TRUE
2025-09-12,2025,9,73.64625,4.31,143.15,138.84,51859.61666666667,0,2022.125,2022.125,0,0,0,0.2825228127316773,0.7733708785173644,0,0.11949726315484822,0.4223574764996167,0.38151251825264937,0.38151251825264937,0.4223574764996167,0.5279468456245209,0.2825228127316773,0.7733708785173644,TRUE
2025-09-16,2025,9,72.64125,5.76,198.95,193.19,55255.308333333334,-1.5158245029548803e-13,2080.0833333333335,2080.0833333333335,0,0,0,0.27858712853411016,1,0,0.12723929702777703,0.5114348514136441,0.4602294246897162,0.4602294246897162,0.5114348514136441,0.6392935642670551,0.27858712853411016,1,TRUE
2025-09-17,2025,9,86.01,15.1,215,199.9,55638.05,0,2157,2157,0,1,0,0.33094053959503084,1,0.041666666666666664,0.13751377188717784,0.5407095491713456,0.4879138993803119,0.4879138993803119,0.5407095491713456,0.6654702697975154,0.33094053959503084,1,TRUE
2025-09-18,2025,9,97.0125,44,200,156,56104.625,0,2209.7916666666665,2209.7916666666665,0,0,0,0.37402747032511247,0.8712850666598193,0,0.14456564601873842,0.49812501479397275,0.45031595254659995,0.45031595254659995,0.49812501479397275,0.6226562684924659,0.37402747032511247,0.8712850666598193,TRUE
2025-09-25,2025,9,79.39916666666666,20.1,175.01,154.91,41367.7625,-9307.595833333333,2078.625,2078.625,0,0,0,0.3050518308559762,0.8650655756880666,0,0.12704449387497146,0.46804696261761713,0.4222455416779121,0.4222455416779121,0.46804696261761713,0.5850587032720214,0.3050518308559762,0.8650655756880666,TRUE
2025-09-26,2025,9,91.65375,21.56,160,138.44,54624.8,-1.5158245029548803e-13,2152.2916666666665,2152.2916666666665,0,0,0,0.35304204973435355,0.7710884965093818,0,0.13688483599383422,0.44965221849749415,0.40713417478469077,0.40713417478469077,0.44965221849749415,0.5620652731218677,0.35304204973435355,0.7710884965093818,TRUE
2025-09-30,2025,9,82.80166666666666,21.9,199.34,177.44,50475.60833333333,0,2044.0833333333333,2044.0833333333333,0,0,0,0.3183763736243564,0.9936207422876883,0,0.12243044205566309,0.5247988463648179,0.47144203477478197,0.47144203477478197,0.5247988463648179,0.6559985579560224,0.3183763736243564,0.9936207422876883,TRUE
